USE ACADEMIA;

INSERT INTO aluno VALUES ("35889536200", "6422097610000", "2000-01-10", "Miguel", "M", "10363717530", "I", null);
INSERT INTO aluno VALUES ("55585396000", "5599519560000", "2000-01-10", "Sophia", "F", "10213689030", "A", null);
INSERT INTO aluno VALUES ("54056931700", "4755854620000", "2000-01-10", "Davi", "M", "80365561500", "A", null);
INSERT INTO aluno VALUES ("11083944520", "8031913000000", "2000-01-10", "Alice", "F", "41583459400", "I", null);
INSERT INTO aluno VALUES ("69512371400", "4135296000000", "2000-01-10", "Arthur", "M", "50751946300", "A", null);
INSERT INTO aluno VALUES ("23191197600", "9177672440000", "2000-01-10", "Julia", "F", "42578840000", "I", null);
INSERT INTO aluno VALUES ("96935501900", "8375698930000", "2000-01-10", "Pedro", "M", "14909911300", "A", null);
INSERT INTO aluno VALUES ("37070474900", "6269982600000", "2000-01-10", "Isabella", "F", "99350419300", "I", null);
INSERT INTO aluno VALUES ("63750196800", "9768151790000", "2000-01-10", "Gabriel", "M", "57453404700", "A", null);
INSERT INTO aluno VALUES ("56356008900", "8020359290000", "2000-01-10", "Manuela", "F", "19572387900", "I", null);

INSERT INTO professor VALUES ("6771854120", "20124671000", "Dança", "9163128060000", "2000-01-10", "Bernardo", "19", "1266.00", "M", "90647268000");
INSERT INTO professor VALUES ("1031811801", "89769622500", "luta", "4089344290000", "2000-01-10", "Laura", "10", "1223.00", "F", "95597040000");
INSERT INTO professor VALUES ("4843458080", "74624051300", "luta", "7708979870000", "2000-01-10", "Lucas", "17", "1527.00", "M", "11097628320");
INSERT INTO professor VALUES ("4921429130", "36978468200", "Dança", "6785079030000", "2000-01-10", "Luiza", "10", "1516.00", "F", "79144650400");
INSERT INTO professor VALUES ("1028070894", "23926098800", "luta", "1154778800000", "2000-01-10", "Valentina", "12", "1799.00", "F", "62219961700");


INSERT INTO treino VALUES ("2019-1-14", "90", "6771854120", "56356008900");
INSERT INTO treino VALUES ("2021-5-5", "150", "1031811801", "35889536200");
INSERT INTO treino VALUES ("2020-12-4", "180", "4843458080", "11083944520");
INSERT INTO treino VALUES ("2019-5-3", "30", "4921429130", "54056931700");
INSERT INTO treino VALUES ("2021-2-24", "30", "1028070894", "23191197600");
INSERT INTO treino VALUES ("2020-10-19", "120", "4921429130", "54056931700");
INSERT INTO treino VALUES ("2020-4-18", "120", "4921429130", "55585396000");
INSERT INTO treino VALUES ("2020-2-9", "60", "4921429130", "96935501900");
INSERT INTO treino VALUES ("2021-4-12", "120", "4921429130", "63750196800");
INSERT INTO treino VALUES ("2019-1-14", "30", "6771854120", "63750196800");
INSERT INTO treino VALUES ("2021-5-5", "60", "1031811801", "96935501900");


INSERT INTO fornecedor VALUES("40078609366010000000", "BodyShop", "82554049100");
INSERT INTO fornecedor VALUES("65199497115590000000", "MaxTitanum", "54119313000");
INSERT INTO fornecedor VALUES("13392719972540000000", "Natural Fitness", "10301219500");
INSERT INTO fornecedor VALUES("16569500675490000000", "AtacadãoBodyBuilding", "73348001000");
INSERT INTO fornecedor VALUES("15279013442480000000", "AnilhasShopping", "28077168700");

INSERT INTO modelo_equipamento VALUES("ALTER");
INSERT INTO modelo_equipamento VALUES("ESTEIRA");
INSERT INTO modelo_equipamento VALUES("ANILHA");

INSERT INTO equipamento VALUES(1, "Marca1", "ALTER", "40078609366010000000");
INSERT INTO equipamento VALUES(2, "Marca2", "ESTEIRA", "40078609366010000000");
INSERT INTO equipamento VALUES(3, "Marca3", "ESTEIRA", "65199497115590000000");
INSERT INTO equipamento VALUES(4, "Marca4", "ESTEIRA", "65199497115590000000");
INSERT INTO equipamento VALUES(5, "Marca5", "ALTER", "13392719972540000000");
INSERT INTO equipamento VALUES(6, "Marca6", "ALTER", "16569500675490000000");
INSERT INTO equipamento VALUES(7, "Marca7", "ALTER", "16569500675490000000");
INSERT INTO equipamento VALUES(8, "Marca8", "ANILHA", "15279013442480000000");
INSERT INTO equipamento VALUES(9, "Marca9", "ANILHA", "15279013442480000000");

INSERT INTO exercicio VALUES(1,15,15,"exercicio1", "ALTER", "2019-1-14", "6771854120", "56356008900");
INSERT INTO exercicio VALUES(2,5,5,"exercicio2", "ANILHA", "2021-5-5", "1031811801", "35889536200");
INSERT INTO exercicio VALUES(3,15,10,"exercicio3", "ESTEIRA", "2020-12-4", "4843458080", "11083944520");
INSERT INTO exercicio VALUES(4,15,15,"exercicio4", "ANILHA", "2019-5-3", "4921429130", "54056931700");
INSERT INTO exercicio VALUES(5,5,15,"exercicio5", "ALTER", "2021-2-24", "1028070894", "23191197600");
INSERT INTO exercicio VALUES(6,15,10,"exercicio6", "ANILHA", "2020-10-19", "4921429130", "54056931700");
INSERT INTO exercicio VALUES(7,10,10,"exercicio7", "ESTEIRA", "2020-4-18", "4921429130", "55585396000");
INSERT INTO exercicio VALUES(8,10,5,"exercicio8", "ESTEIRA", "2020-2-9", "4921429130", "96935501900");
INSERT INTO exercicio VALUES(9,15,5,"exercicio9", "ALTER", "2021-4-12", "4921429130", "63750196800");
INSERT INTO exercicio VALUES(10,10,5,"exercicio10", "ALTER", "2019-1-14", "6771854120", "63750196800");
INSERT INTO exercicio VALUES(11,5,15,"exercicio11", "ESTEIRA", "2021-5-5", "1031811801", "96935501900");

INSERT INTO avaliacao_fisica VALUES("2020-12-11", "21", "25", "103", "29", "80", "38", "28", "1.89", "103", "62", "60.19", "1031811801", "35889536200");
INSERT INTO avaliacao_fisica VALUES("2020-9-3", "28", "40", "92", "28", "71", "39", "21", "1.83", "72", "12", "16.66", "6771854120", "55585396000");
INSERT INTO avaliacao_fisica VALUES("2020-2-25", "23", "40", "91", "27", "78", "36", "15", "1.65", "41", "8", "19.51", "4843458080", "54056931700");
INSERT INTO avaliacao_fisica VALUES("2021-8-28", "37", "25", "93", "25", "72", "34", "35", "1.75", "108", "11", "10.18", "1028070894", "11083944520");
INSERT INTO avaliacao_fisica VALUES("2021-1-8", "32", "39", "95", "30", "83", "30", "13", "1.85", "48", "9", "18.75", "6771854120", "69512371400");

INSERT INTO gerente VALUES("73108287200", "Francisco", "2475.00", "M", "65427415800", "2000-9-28");
INSERT INTO gerente VALUES("65401705800", "Catarina", "2260.00", "F", "83900224800", "1994-12-4");
INSERT INTO gerente VALUES("11434836600", "Enzo Gabriel", "2973.00", "M", "93174749300", "2005-7-26");
INSERT INTO gerente VALUES("97100511400", "Larissa", "2589.00", "F", "99876472800", "1992-8-7");
INSERT INTO gerente VALUES("10607987280", "Fernanda", "2289.00", "F", "66126040700", "1993-4-12");

INSERT INTO plano VALUES(1, 50.00, 30, 20.0);
INSERT INTO plano VALUES(2, 80.00, 60, 40.00);
INSERT INTO plano VALUES(3, 100.00, 90, 60.00);
INSERT INTO plano VALUES(4, 120.00, 180, 120.00);
INSERT INTO plano VALUES(5, 150.00, 360, 240.00);

INSERT INTO contrato VALUES(1, "2022-09-02", "55585396000", "73108287200", 1);
INSERT INTO contrato VALUES(2, "2022-09-03", "54056931700", "73108287200", 2);
INSERT INTO contrato VALUES(3, "2022-09-04", "69512371400", "73108287200", 3);
INSERT INTO contrato VALUES(4, "2022-09-05", "96935501900", "73108287200", 4);
INSERT INTO contrato VALUES(5, "2022-09-10", "63750196800", "73108287200", 5);







